,PSNR,SSIM
Noisy,22.60196975665948,0.35951060766829523
Gaussian,18.836544706367444,0.7642684867405364
Median,19.436508627014547,0.5704811980585806
NLM,25.39690727195754,0.6798246250873765
